x-value,y-value,z-value,timestamp,travel_mode,disp(mtr),speed(m/s),aggr_acc
5.14331055,1.12133035,9.16548165,11-10-2017 12:20:04,Dummy shake,5.28481501673,0,10.5696300335
3.3929596,0.501434312,14.9082565,11-10-2017 12:20:07,Dummy shake,22.9465547947,15.2977031964,15.2977031964
5.5865784,3.1114044,13.087921,11-10-2017 12:20:08,Dummy shake,37.1475278236,29.8642529479,14.5665497515
9.51679235,3.0228729,-6.96572865,11-10-2017 12:20:09,Dummy shake,48.1266203701,42.0391645627,12.1749116148
-1.47882845,-2.5392456,15.730789,11-10-2017 12:20:10,Dummy shake,66.0434965638,58.0420525634,16.0028880007
11.212692,5.4761047,-10.004013,11-10-2017 12:20:13,Dummy shake,82.0323221851,74.0355656446,15.9935130811
5.4489898,0.5121994,15.46817,11-10-2017 12:20:14,Dummy shake,98.6473671376,90.4434333066,16.407867662
9.6908645,-0.07343292,-12.615784,11-10-2017 12:20:15,Dummy shake,114.305989109,106.351803842,15.9083705352
3.40612035,0.58818054,-11.855461,11-10-2017 12:20:16,Dummy shake,124.87541114,118.700875374,12.3490715323
3.1865845,0.4338379,-13.559753,11-10-2017 12:20:17,Dummy shake,139.604732301,132.636779992,13.9359046179
6.169235,1.4424133,-14.475006,11-10-2017 12:20:18,Dummy shake,156.338005371,148.437596911,15.8008169192
3.30680845,-1.07423395,1.1282885,11-10-2017 12:20:20,Dummy shake,153.920706448,152.093003269,3.6554063582
7.2436066,1.0212708,-12.083374,11-10-2017 12:20:24,Dummy shake,173.280775808,166.218184962,14.1251816925
11.019485,3.9165955,-11.046097,11-10-2017 12:20:25,Dummy shake,190.348380051,182.304981688,16.0867967262
-2.1099396,0.5857849,14.449432,11-10-2017 12:20:26,Dummy shake,204.22660154,196.919394923,14.6144132345
9.03524,8.1674423,-12.6923525,11-10-2017 12:20:27,Dummy shake,223.305690552,214.510258675,17.5908637527
11.595856,3.7942505,-8.582672,11-10-2017 12:20:29,Dummy shake,236.886039371,229.427445806,14.9171871306
8.469025,1.8686218,-13.861542,11-10-2017 12:20:30,Dummy shake,253.95409614,245.778546029,16.3511002229
9.9181825,4.8922653,-13.225052,11-10-2017 12:20:34,Dummy shake,271.638067672,263.018227124,17.2396810954
9.0962525,6.3213806,-11.805809,11-10-2017 12:20:35,Dummy shake,287.301498606,279.207074779,16.1888476544
12.98877,4.392761,-12.437515,11-10-2017 12:20:36,Dummy shake,306.975161102,297.719132327,18.5120575488
11.904831,5.969635,-9.258652,11-10-2017 12:20:37,Dummy shake,322.048937198,313.939002241,16.2198699141
9.224869,3.7167816,-10.29834,11-10-2017 12:20:41,Dummy shake,335.414082699,328.255722546,14.3167203048
10.178406,3.4081116,-12.091751,11-10-2017 12:20:44,Dummy shake,352.508714839,344.424384075,16.1686615286
8.91200275,3.6097107,-12.476402,11-10-2017 12:20:45,Dummy shake,368.051855908,360.176031964,15.751647889
11.081696,7.971237,-6.9878693,11-10-2017 12:20:46,Dummy shake,383.179152981,375.511445975,15.3354140114
4.6249695,2.95557405,-1.344391,11-10-2017 12:20:47,Dummy shake,383.987859309,381.162388198,5.65094222248
5.30123125,3.5301591,-1.395836,11-10-2017 12:20:49,Dummy shake,390.942737215,387.682620876,6.52023267807
13.123978,1.5644531,4.733383,11-10-2017 12:20:51,Dummy shake,408.740998306,401.721539163,14.0389182871
6.30083465,1.198951725,0.0542065,11-10-2017 12:20:52,Dummy shake,411.342719805,408.135659591,6.41412042841
7.0126953,0.32017517,-14.65567,11-10-2017 12:20:53,Dummy shake,432.51096285,424.385861764,16.2502021729
1.3010406,2.4868774,13.655014,11-10-2017 12:20:54,Dummy shake,445.296565116,438.326330665,13.9404689012
1.9297485,1.4783096,17.3303905,11-10-2017 12:20:55,Dummy shake,464.576406241,455.826381049,17.5000503836
6.77461235,4.3030319,14.8645855,11-10-2017 12:21:02,Dummy shake,481.16561063,472.719200769,16.8928197206
14.6775055,3.9997406,5.8298798,11-10-2017 12:21:06,Dummy shake,497.156525293,489.010750452,16.2915496823
5.09096565,0.08508305,10.8841245,11-10-2017 12:21:07,Dummy shake,507.035067558,501.026961856,12.016211404
6.234436,-13.05629,9.680542,11-10-2017 12:21:15,Dummy shake,527.139363832,518.43522984,17.4082679844
-7.5547943,-5.992676,12.562698,11-10-2017 12:21:17,Dummy shake,542.190630133,534.272163369,15.8369335288
12.042404,-7.8001556,11.48233,11-10-2017 12:47:32,Walk,9.18838701449,0,18.376774029
14.978409,-9.566956,7.2267,11-10-2017 12:47:34,Walk,28.7790774066,19.1860516044,19.1860516044
2.5955505,-0.42877197,15.685333,11-10-2017 12:47:35,Walk,43.0426732853,35.0904660583,15.9044144539
3.069336,1.5656433,14.693497,11-10-2017 12:47:36,Walk,57.7285879361,50.1825473102,15.0920812519
1.9243622,1.6278534,13.949326,11-10-2017 12:47:37,Walk,71.4453725682,64.3577641488,14.1752168387
1.1963501,2.6806946,14.147339,11-10-2017 12:47:38,Walk,86.0307957834,78.8064519052,14.4486877564
9.223068,-7.8312605,10.7336735,11-10-2017 12:47:41,Walk,103.06778091,94.980671242,16.1742193368
17.8485945,-3.94561765,-1.36473083,11-10-2017 12:47:43,Walk,122.476236478,113.311048066,18.3303768238
14.343109,-9.947418,1.5401611,11-10-2017 12:47:44,Walk,139.595225682,130.833833143,17.5227850773
12.629852,-10.286011,1.0412445,11-10-2017 12:47:45,Walk,155.316451291,147.155578575,16.3217454319
13.670731,-5.4501038,1.276947,11-10-2017 12:47:50,Walk,169.314143512,161.9279552,14.7723766248
13.602539,-6.83495325,-0.176094055,11-10-2017 12:47:51,Walk,184.76427474,177.152168227,15.224213027
15.724976,-4.3470154,5.1736603,11-10-2017 12:47:52,Walk,202.825323301,194.267604943,17.1154367163
15.756676,-5.3334655,1.4181213,11-10-2017 12:47:53,Walk,219.310407539,210.962806674,16.6952017307
17.096054,-4.1089325,3.0260925,11-10-2017 12:47:54,Walk,237.724909638,228.80420865,17.8414019763
2.2300415,-14.361572,0.78341675,11-10-2017 12:49:05,Walk,7.2773892504,0,14.5547785008
-2.5250854,-19.563568,-1.0434875,11-10-2017 12:50:46,Walk,9.87671650057,0,19.7534330011
-1.94034578,-13.889885,-0.08906555,11-10-2017 12:50:48,Walk,21.0375617503,14.0250411668,14.0250411668
-2.4868011,-15.080612,-9.41658,11-10-2017 12:50:49,Walk,40.9533216175,31.9772281339,17.9521869671
-0.62280273,3.3871765,13.455215,11-10-2017 12:55:09,Walk,6.9444880765,0,13.888976153
13.139526,-2.6499023,12.832489,11-10-2017 12:55:19,Walk,27.8346775478,18.5564516985,18.5564516985
11.398743,-5.430359,6.4400635,11-10-2017 12:55:28,Walk,39.8170433448,32.7301794627,14.1737277642
11.691269,-6.2161026,5.3896103,11-10-2017 12:55:29,Walk,54.1740737799,47.0261090075,14.2959295448
0.67889404,1.5620575,13.779449,11-10-2017 12:57:11,Walk,6.94215628415,0,13.8843125683
-1.0887909,1.1750107,13.8261035,11-10-2017 12:57:12,Walk,20.8778907211,13.9185938141,13.9185938141
14.669128,-13.9960785,5.0402527,11-10-2017 12:57:16,Walk,45.2566660763,34.8106419889,20.8920481748
0.5730133,-7.317108,14.394394,11-10-2017 12:57:34,Walk,59.0469934634,50.9682096385,16.1575676496
-0.60246277,0.74490356,13.994797,11-10-2017 12:57:37,Walk,72.0095360699,64.9957605928,14.0275509543
-1.1982727,0.4326477,14.821518,11-10-2017 12:57:38,Walk,87.3100157668,79.8719307088,14.876170116
3.591858,1.7226715,16.1701665,11-10-2017 12:57:57,Walk,104.852372712,96.5255587107,16.6536280019
1.495742785,-2.84342955,14.07943725,11-10-2017 12:58:01,Walk,118.187599371,110.966919151,14.4413604401
14.743912,-14.1339645,4.83715815,11-10-2017 12:58:02,Walk,142.450843353,131.956201952,20.9892828014
14.074219,-6.1329575,2.41053765,11-10-2017 12:58:03,Walk,155.26696931,147.496713524,15.540511572
12.144707,-7.39637,3.0225067,11-10-2017 12:58:04,Walk,169.302800383,162.034104764,14.5373912393
13.6192855,-6.1748353,4.08969885,11-10-2017 12:58:06,Walk,185.288418808,177.536980793,15.5028760298
12.726761,-5.5936737,0.677536,11-10-2017 12:58:08,Walk,198.41440984,191.455266825,13.9182860311
13.458359,-5.175522,2.937561,11-10-2017 12:58:09,Walk,213.528352677,206.170657393,14.7153905682
13.44162,-4.476227,0.037460327,11-10-2017 12:58:12,Walk,227.421754052,220.338055166,14.1673977729
12.4240645,-6.70932775,1.0125351,11-10-2017 12:58:13,Walk,241.572338553,234.494244091,14.1561889252
12.230545,-7.496269,0.912933358,11-10-2017 12:58:14,Walk,256.055340683,248.868308486,14.3740643951
10.027649,-9.565765,2.9752502,11-10-2017 12:58:16,Walk,270.12970228,263.042571015,14.1742625295
14.096649,-4.8190002,-2.6730042,11-10-2017 12:58:17,Walk,285.745814433,278.178066627,15.1354956116
9.139908,-11.081024,1.0813293,11-10-2017 12:58:27,Walk,299.785163596,292.58279794,14.4047313127
11.063156,-9.245117,-0.49015808,11-10-2017 12:58:39,Walk,314.221610151,307.008672747,14.4258748077
12.150681,-8.309525,-1.5788879,11-10-2017 12:58:40,Walk,329.215773377,321.8134065,14.8047337528
10.167038,-9.573532,-0.48536682,11-10-2017 12:58:48,Walk,342.773552125,335.786836917,13.9734304163
13.155075,-5.3507996,-0.15994263,11-10-2017 12:58:50,Walk,357.090672993,349.989394301,14.2025573845
13.184982,-5.3956757,-1.0847626,11-10-2017 12:58:52,Walk,371.420703107,364.276933505,14.2875392037
10.553482,-10.085007,-0.4674225,11-10-2017 12:59:04,Walk,386.184218199,378.881789968,14.6048564631
9.339722,-7.698761,6.7941895,11-10-2017 13:00:03,Walk,399.70221894,392.76207595,13.8802859817
16.17601,-12.3815155,0.98680115,11-10-2017 13:00:04,Walk,423.353949948,413.156658615,20.3945826657
13.056976,-6.2546997,2.3489227,11-10-2017 13:00:05,Walk,435.157283357,427.823741776,14.667083161
12.586777,-8.147423,-0.9256439,11-10-2017 13:01:16,Walk,7.51106306421,0,15.0221261284
11.8785095,-8.603851,-0.3286438,11-10-2017 13:01:17,Walk,22.0062446846,14.6708297897,14.6708297897
11.5411145,-8.17074575,-1.57828522,11-10-2017 13:01:18,Walk,36.0135366719,28.8993010445,14.2284712548
11.847992,-8.247314,-0.8855591,11-10-2017 13:01:24,Walk,50.5937465208,43.3622646954,14.4629636509
13.311203,-4.5910797,8.33577,11-10-2017 13:01:26,Walk,67.9069219374,59.7253695234,16.363104828
2.593155,1.4543762,14.241257,11-10-2017 13:01:27,Walk,81.5478211233,74.27367059,14.5483010666
-1.3418427,0.5139923,13.914642,11-10-2017 13:01:28,Walk,95.2566275262,88.2623085475,13.9886379574
2.046402,1.0284576,15.199585,11-10-2017 13:01:29,Walk,111.319063703,103.633478651,15.3711701036
-0.411026,1.4256592,15.105072,11-10-2017 13:01:30,Walk,126.400130908,118.811246822,15.177768171
1.3321381,0.9698334,14.879532,11-10-2017 13:01:34,Walk,141.266985351,133.781739175,14.9704923526
14.277901,-2.9959793,5.47574625,11-10-2017 13:01:36,Walk,157.155673981,149.364362379,15.5826232043
13.357269,-5.1372375,0.77923584,11-10-2017 13:01:52,Walk,170.862824387,163.696670384,14.3323080055
12.038223,-7.4702454,4.1925964,11-10-2017 13:01:57,Walk,185.859201801,178.471691329,14.7750209444
12.858368,-5.4614716,7.1920013,11-10-2017 13:02:06,Walk,202.040800568,194.184430821,15.7127394925
17.252182,-4.759781,5.2968903,11-10-2017 13:02:08,Walk,222.180649816,212.848576818,18.6641459965
12.20752,-7.472046,1.3469238,11-10-2017 13:02:20,Walk,234.412568664,227.224571382,14.3759945638
11.874908,-7.016815,-1.9766846,11-10-2017 13:02:41,Walk,248.125574544,241.15857349,13.9340021085
11.722977,-8.552994,9.485519,11-10-2017 13:02:58,Walk,267.16344179,258.495152357,17.3365788668
9.43124385,-6.902855,9.440346,11-10-2017 13:02:59,Walk,281.031018786,273.51906331,15.0239109525
10.565445,-10.291382,2.074356,11-10-2017 13:03:01,Walk,295.860712303,288.413495972,14.8944326623
11.568634,-8.3526,-0.09892273,11-10-2017 13:03:03,Walk,309.817240071,302.682658705,14.2691627327
12.62088,-5.5224915,1.7836151,11-10-2017 13:03:04,Walk,323.519478667,316.573872013,13.8912133079
13.091064,-5.332855,0.8540039,11-10-2017 13:03:10,Walk,337.815938743,330.735249833,14.1613778201
11.712204,-7.936249,0.562088,11-10-2017 13:03:13,Walk,351.97366681,344.894194484,14.1589446516
2.3359375,5.945709,12.9826355,11-10-2017 13:05:26,Walk,7.2345850614,0,14.4691701228
13.839424,-4.76576225,6.90725705,11-10-2017 13:05:27,Walk,24.2774129484,16.1849419656,16.1849419656
11.928757,-6.9205017,10.072952,11-10-2017 13:05:56,Walk,41.8017164701,33.2627916353,17.0778496696
8.599747,-11.645126,4.8871155,11-10-2017 13:06:01,Walk,56.1813242746,48.5418133949,15.2790217596
7.3159943,3.6019287,15.170273,11-10-2017 13:06:05,Walk,74.3764491222,65.7649038798,17.2230904849
6.3768005,-9.136841,16.136963,11-10-2017 13:06:19,Walk,95.1797097029,85.3747744285,19.6098705488
8.303024,-16.269852,17.929794,11-10-2017 13:06:20,Walk,123.76791262,110.97019989,25.595425461
6.229645,-10.931473,13.49469,11-10-2017 13:06:21,Walk,138.645595699,129.420463762,18.4502638727
3.699829,4.137924,12.956909,11-10-2017 13:20:45,Walk,7.04791885051,0,14.095837701
12.069328,-5.1411362,7.05231475,11-10-2017 13:20:46,Walk,22.3411947318,14.8941298212,14.8941298212
12.182388,-5.9837036,3.3551178,11-10-2017 13:20:48,Walk,35.8658304823,28.8752635952,13.981133774
13.424263,-5.85091405,3.35152435,11-10-2017 13:20:49,Walk,51.4090755788,43.8978049176,15.0225413224
12.256577,-4.4702454,5.5278015,11-10-2017 13:20:50,Walk,65.15145324,58.0669037992,14.1690988816
12.423462,-5.0253754,4.2302856,11-10-2017 13:20:53,Walk,79.1466873614,72.1200928406,14.0531890414
9.55986,-4.4415283,9.027298,11-10-2017 13:20:57,Walk,92.9377047015,85.9985007479,13.8784079073
4.2525787,0.30941772,13.375061,11-10-2017 13:20:58,Walk,107.055873537,100.036749274,14.038248526
12.485092,-6.498169,8.372864,11-10-2017 13:20:59,Walk,124.602361252,116.413823926,16.3770746522
13.615692,-6.412018,1.85301205,11-10-2017 13:21:05,Walk,139.159220571,131.577421689,15.1635977633
13.468536,-6.386902,2.517624,11-10-2017 13:21:06,Walk,154.253354348,146.694710128,15.1172884389
13.828659,-6.2086334,1.4887085,11-10-2017 13:21:07,Walk,169.541792671,161.92609849,15.2313883619
12.223068,-5.96994,2.719818,11-10-2017 13:21:19,Walk,182.734563499,175.798408496,13.8723100055
12.361847,-6.7093353,2.7132263,11-10-2017 13:21:23,Walk,197.285197142,190.12293426,14.3245257644
12.632843,-6.781708,1.6980743,11-10-2017 13:21:26,Walk,211.780344527,204.561207772,14.4382735113
12.871521,-5.348999,1.9355621,11-10-2017 13:21:27,Walk,225.669903812,218.633671799,14.0724640273
11.5052185,-8.61821,3.5728455,11-10-2017 13:21:29,Walk,240.852354207,233.446126737,14.8124549385
12.942108,-7.3027496,2.6779327,11-10-2017 13:21:30,Walk,256.095611901,248.545783513,15.0996567759
12.290665,-7.2692566,2.0803375,11-10-2017 13:21:38,Walk,270.191066348,262.97597207,14.4301885564
12.27272,-7.6706543,2.086914,11-10-2017 13:21:40,Walk,284.909532158,277.598345462,14.6223733926
11.600937,-7.4786224,2.003769,11-10-2017 13:21:44,Walk,298.519265628,291.545625573,13.9472801107
12.759659,-5.8586884,1.0316772,11-10-2017 13:21:51,Walk,312.663019876,305.623888442,14.078262869
12.631638,-6.19487,1.8249054,11-10-2017 13:21:53,Walk,326.904071438,319.810677106,14.1867886641
12.223068,-6.7314606,1.5162201,11-10-2017 13:21:58,Walk,340.864975294,333.846875898,14.0361987922
12.156067,-6.6824036,1.1919861,11-10-2017 13:21:59,Walk,354.731127278,347.769710151,13.9228342533
11.478897,-7.698166,1.376236,11-10-2017 13:22:00,Walk,368.604103319,361.659305596,13.8895954451
12.275116,-7.136444,1.9768372,11-10-2017 13:22:03,Walk,383.163007137,375.995106624,14.3358010273
12.039413,-6.614212,2.2005615,11-10-2017 13:22:04,Walk,396.862782765,389.906890718,13.9117840941
12.611298,-7.6096344,2.1473236,11-10-2017 13:22:11,Walk,412.234347718,404.791862051,14.8849713332
11.14032,-8.304749,3.348526,11-10-2017 13:22:16,Walk,426.231276154,419.084804786,14.2929427351
13.044403,-5.324478,-0.18984985,11-10-2017 13:22:17,Walk,440.22057439,433.175317856,14.0905130696
13.549881,-5.0672607,0.87075806,11-10-2017 13:22:20,Walk,454.914174952,447.667889253,14.4925713976
11.71579,-6.8247833,3.7828217,11-10-2017 13:22:24,Walk,468.782601434,461.74436404,14.076474787
13.417084,-6.1643677,1.0167236,11-10-2017 13:22:29,Walk,483.944936622,476.544745761,14.8003817208
13.334534,-7.0760345,1.1214142,11-10-2017 13:22:32,Walk,499.250684849,491.682038486,15.1372927253
12.7632595,-7.14123535,2.04025275,11-10-2017 13:22:33,Walk,513.832354512,506.448915837,14.7668773501
12.586777,-7.2806244,3.130188,11-10-2017 13:22:34,Walk,528.759746807,521.32280315,14.8738873136
13.4075165,-6.437149,2.3692627,11-10-2017 13:22:35,Walk,543.913211099,536.383075116,15.0602719659
13.317184,-6.142227,2.0546112,11-10-2017 13:22:36,Walk,558.596032621,551.191713453,14.8086383369
12.771027,-5.5392303,1.8560028,11-10-2017 13:22:41,Walk,572.257340337,565.235464709,14.0437512562
12.141113,-6.988693,2.4918976,11-10-2017 13:22:42,Walk,586.578625648,579.464238668,14.228773959
11.992767,-6.6812134,2.079132,11-10-2017 13:22:45,Walk,600.29144902,593.349045569,13.8848069013
13.87471,-4.485794,-0.44648743,11-10-2017 13:23:05,Walk,615.232049749,607.937715023,14.5886694534
14.105026,2.3791962,0.2767334,11-10-2017 13:23:06,Walk,629.39814506,622.244668381,14.3069533582
12.830856,-5.418991,0.3987732,11-10-2017 13:23:08,Walk,643.14561419,636.178632254,13.9339638731
12.441406,-6.8588867,1.4988708,11-10-2017 13:23:14,Walk,657.607092962,650.464272726,14.285640472
13.213104,-5.3340607,1.1931915,11-10-2017 13:23:15,Walk,671.912805551,664.763294609,14.2990218834
13.485291,-0.32528687,5.555908,11-10-2017 13:23:24,Walk,686.646181687,679.351885995,14.5885913853
13.99855,-6.653702,4.236862,11-10-2017 13:23:25,Walk,703.453957317,695.419933543,16.0680475483
12.810516,-7.1406403,2.0881042,11-10-2017 13:23:28,Walk,717.641118193,710.234056643,14.8141231003
13.057571,-7.061676,2.8609924,11-10-2017 13:23:29,Walk,732.910996212,725.352016355,15.1179597123
13.893265,-6.958191,1.5718536,11-10-2017 13:23:33,Walk,748.778441727,740.96963327,15.6176169146
13.202332,-5.076828,1.9050598,11-10-2017 13:23:35,Walk,762.378422649,755.242159522,14.2725262523
13.439224,-4.8046417,1.49469,11-10-2017 13:23:38,Walk,776.767625813,769.592470383,14.3503108602
12.206909,-6.918701,3.204361,11-10-2017 13:23:51,Walk,791.181268534,783.985002484,14.3925321011
13.120972,-4.923691,1.7566986,11-10-2017 13:23:53,Walk,805.171069033,798.10904685,14.1240443662
9.635239,-5.540436,8.830475,11-10-2017 13:24:00,Walk,819.402261458,812.304523255,14.1954764056
11.175011,-3.5451279,7.14025885,11-10-2017 13:24:01,Walk,832.895109042,826.031580446,13.7270571909
12.791367,-5.2760315,1.4677734,11-10-2017 13:24:02,Walk,846.903148618,839.945959228,13.9143787814
12.184189,-6.5867004,2.3716583,11-10-2017 13:24:23,Walk,861.024233716,853.99814222,14.0521829919
12.64241,-6.5017548,2.715622,11-10-2017 13:24:26,Walk,875.708171817,868.471495284,14.4733530647
12.415085,-6.27742,3.068573,11-10-2017 13:24:32,Walk,889.840914433,882.717774717,14.2462794325
12.544907,-5.265854,2.8867188,11-10-2017 13:24:34,Walk,903.580022311,896.62593978,13.9081650629
12.595154,-6.856491,2.2891083,11-10-2017 13:24:48,Walk,918.408986567,911.147970971,14.5220311915
11.744507,-7.5085297,1.9720612,11-10-2017 13:24:53,Walk,932.265525249,925.22634049,14.0783695187
11.394562,-8.144424,3.2091522,11-10-2017 13:24:56,Walk,946.779745614,939.595277239,14.3689367493
12.376816,-6.7924805,3.3862152,11-10-2017 13:25:04,Walk,961.373181014,954.113879755,14.5186025161
11.587769,-7.369751,2.411728,11-10-2017 13:25:07,Walk,975.028315376,968.056836836,13.9429570804
12.383392,-4.8369446,4.992401,11-10-2017 13:25:11,Walk,989.358341971,982.257840259,14.2010034235
12.101639,-7.226181,0.6889038,11-10-2017 13:25:17,Walk,1003.42548964,996.369606512,14.1117662529
11.9652405,-7.4738464,0.75531006,11-10-2017 13:25:20,Walk,1017.56136601,1010.49744617,14.1278396622
11.55307,-7.665863,1.0508118,11-10-2017 13:25:21,Walk,1031.35462591,1024.40223267,13.9047864924
12.312805,-6.9043427,1.3242035,11-10-2017 13:25:26,Walk,1045.66991748,1038.58068921,14.1784565449
12.6059265,-7.1137085,1.3134308,11-10-2017 13:25:41,Walk,1060.3818015,1053.11476407,14.5340748592
13.929153,-6.4311676,0.8270874,11-10-2017 13:25:46,Walk,1076.16138878,1068.47918054,15.3644164733
13.168831,-5.8467178,1.2649765,11-10-2017 13:25:47,Walk,1090.17492587,1082.94301076,14.4638302149
14.69606,-7.143036,1.1130371,11-10-2017 13:25:48,Walk,1107.50987844,1099.32092254,16.3779117841
13.968643,-7.238739,0.3090515,11-10-2017 13:25:55,Walk,1122.92473887,1115.0568001,15.7358775542
14.005722,-6.806839,0.3712616,11-10-2017 13:25:56,Walk,1138.42173253,1130.63342172,15.5766216199
12.7381285,-8.754593,0.71403505,11-10-2017 13:25:57,Walk,1153.84287001,1146.10638725,15.4729655312
12.040619,-6.9330597,1.3283844,11-10-2017 13:25:58,Walk,1167.04245571,1160.06376622,13.9573789739
13.0043335,-7.8572845,0.29229736,11-10-2017 13:26:03,Walk,1182.85858704,1175.26031344,15.1965472144
12.439621,-8.621796,1.3738556,11-10-2017 13:26:04,Walk,1198.05671197,1190.45791246,15.1975990242
14.30423,-5.91192635,-0.39862823,11-10-2017 13:26:05,Walk,1213.68229061,1205.94083123,15.4829187664
12.152481,-8.32988,0.9455414,11-10-2017 13:26:12,Walk,1228.08622406,1220.70442645,14.7635952196
12.756668,-6.6764374,-1.1158752,11-10-2017 13:26:13,Walk,1242.36645054,1235.14577584,14.4413493926
11.525566,-9.1787265,1.1333771,11-10-2017 13:26:14,Walk,1257.31191059,1249.92319901,14.7774231662
13.1281585,-7.4714509,-0.685173035,11-10-2017 13:26:15,Walk,1272.60449789,1265.04406493,15.1208659223
11.992172,-7.4086304,-0.19224548,11-10-2017 13:26:16,Walk,1286.19017904,1279.14147434,14.0974094076
12.658569,-6.7147217,-0.61338806,11-10-2017 13:26:17,Walk,1300.65500446,1293.48382775,14.3423534174
12.442017,-7.7627716,-0.7318268,11-10-2017 13:26:18,Walk,1315.50881256,1308.16715096,14.6833232072
13.4966585,-6.8092347,0.5471344,11-10-2017 13:26:19,Walk,1330.85758625,1323.29410782,15.1269568624
12.79496,-7.00484465,0.65600586,11-10-2017 13:26:20,Walk,1345.19663475,1337.89579244,14.6016846172
13.250793,-9.403061,0.50405884,11-10-2017 13:26:22,Walk,1362.2796822,1354.15171895,16.2559265074
13.6916655,-8.627777,1.07175445,11-10-2017 13:26:23,Walk,1378.47989232,1370.3705012,16.2187822517
13.016296,-7.9207,0.23725891,11-10-2017 13:26:26,Walk,1393.22853959,1385.60919346,15.2386922615
12.975616,-8.772537,-0.08816528,11-10-2017 13:26:27,Walk,1409.10379977,1401.27226433,15.6630708711
12.822479,-7.6969757,-1.0225525,11-10-2017 13:26:28,Walk,1423.75751031,1416.26242831,14.9901639833
12.3654405,-6.8289718,-0.80122373,11-10-2017 13:26:29,Walk,1437.48522506,1430.41095948,14.148531163
12.808121,-7.604843,-1.2367096,11-10-2017 13:26:31,Walk,1452.83137128,1445.35790068,14.9469412001
13.972229,0.3441162,12.147537,11-10-2017 13:26:32,Walk,1473.13441184,1463.87557479,18.5176741076
13.509216,-5.507538,5.1700745,11-10-2017 13:26:33,Walk,1487.09223938,1479.35335118,15.4777763936
12.181198,-6.79667665,1.55032345,11-10-2017 13:26:34,Walk,1500.40578043,1493.38830401,14.0349528321
13.376419,-7.3177032,-1.1852722,11-10-2017 13:26:35,Walk,1516.32811722,1508.68151282,15.2932088057
13.130554,-8.2838135,0.29947662,11-10-2017 13:26:36,Walk,1531.97370199,1524.20963893,15.5281261167
11.996361,-7.28839865,1.4270935,11-10-2017 13:26:37,Walk,1545.37346569,1538.31885677,14.1092178373
13.427856,-7.1801147,1.4863129,11-10-2017 13:26:38,Walk,1561.26790037,1553.61821917,15.2993624017
12.409714,-8.491394,1.7028656,11-10-2017 13:26:39,Walk,1576.31756236,1568.75111463,15.1328954558
12.739929,-8.121704,0.9455414,11-10-2017 13:26:40,Walk,1591.45825689,1583.88920947,15.1380948381
13.225662,-8.320297,0.6320801,11-10-2017 13:26:41,Walk,1607.34611157,1599.5271442,15.6379347345
13.524765,-7.726883,-0.6421051,11-10-2017 13:26:42,Walk,1622.91157595,1615.11676537,15.589621168
12.7165905,-7.3721465,0.28930664,11-10-2017 13:26:43,Walk,1637.16951603,1629.81859914,14.7018337732
14.948502,-7.2985687,0.25880432,11-10-2017 13:26:44,Walk,1654.77428072,1646.45572019,16.6371210487
13.444611,-6.0148163,-0.30949402,11-10-2017 13:26:45,Walk,1668.55369691,1661.18770467,14.7319844764
13.2830965,-6.0124205,0.69369507,11-10-2017 13:26:46,Walk,1683.08313565,1675.78465866,14.5969539887
13.5397265,-5.637947,-0.027740485,11-10-2017 13:26:47,Walk,1697.78467392,1690.4513355,14.6666768426
14.407715,-5.6176147,-1.4113922,11-10-2017 13:26:48,Walk,1713.74396775,1705.979757,15.5284215032
14.479507,-5.109131,-1.6291351,11-10-2017 13:26:49,Walk,1729.14071992,1721.42039895,15.4406419462
13.024673,-6.589096,-0.7043152,11-10-2017 13:26:50,Walk,1743.34064743,1736.03389794,14.6134989908
13.642021,-7.6652605,-0.04449463,11-10-2017 13:26:51,Walk,1759.50604323,1751.6819948,15.6480968577
13.115601,-8.431564,1.1561127,11-10-2017 13:26:52,Walk,1775.13418936,1767.31679117,15.6347963739
13.120377,-7.8166046,0.7074585,11-10-2017 13:26:53,Walk,1790.2498289,1782.60548299,15.2886918219
13.223267,-7.4086304,0.7373657,11-10-2017 13:26:54,Walk,1805.3682636,1797.78067007,15.1751870741
13.065353,-6.6884003,0.28033447,11-10-2017 13:26:56,Walk,1819.80140243,1812.46115831,14.6804882413
14.406525,-6.6166077,-0.34179688,11-10-2017 13:26:57,Walk,1836.24665056,1828.31815314,15.8569948331
13.339325,-6.2875977,-1.5035095,11-10-2017 13:26:58,Walk,1850.55319392,1843.14151366,14.8233605201
12.518585,-5.9537964,1.1273956,11-10-2017 13:26:59,Walk,1864.00357939,1857.04955748,13.9080438169
12.305031,-6.71292115,0.50585937,11-10-2017 13:27:00,Walk,1878.08878826,1871.07571133,14.0261538555
12.9026335,-6.4826127,-0.66542816,11-10-2017 13:27:01,Walk,1892.75810696,1885.53064175,14.4549304146
12.538925,-7.957794,0.1953888,11-10-2017 13:27:02,Walk,1907.80901535,1900.38289081,14.8522490649
13.316589,-8.404053,0.38562012,11-10-2017 13:27:03,Walk,1924.01007415,1916.13434637,15.7514555613
11.866547,-7.829773,0.1295929,11-10-2017 13:27:04,Walk,1937.46058429,1930.35183832,14.2174919467
13.337524,-7.090393,0.43466949,11-10-2017 13:27:05,Walk,1953.0188265,1945.46316377,15.1113254518
13.2884825,-7.5468215,1.1734619,11-10-2017 13:27:06,Walk,1968.4535838,1960.79011046,15.3269466867
12.6262665,-9.330078,3.0332794,11-10-2017 13:27:07,Walk,1984.77481239,1976.77991174,15.989801285
12.13813,-7.02398685,3.09130095,11-10-2017 13:27:09,Walk,1998.32080654,1991.14050828,14.3605965311
12.4426195,-8.174339,0.4346695,11-10-2017 13:27:10,Walk,2013.48132194,2006.03438405,14.8938757777
12.914597,-6.991089,-0.31428528,11-10-2017 13:27:11,Walk,2028.06758767,2020.72318647,14.6888024126
13.85498,-5.5601807,0.82111357,11-10-2017 13:27:12,Walk,2043.15058472,2035.6747853,14.9515988346
12.4432145,-7.68560785,0.03806305,11-10-2017 13:27:13,Walk,2057.61295088,2050.30022902,14.6254437168
13.103035,-4.6826172,9.083527,11-10-2017 13:27:14,Walk,2075.22582848,2066.91729533,16.6170663119
3.8428116,-5.3173066,14.3070605,11-10-2017 13:27:15,Walk,2090.52659633,2082.65682933,15.7395340027
4.9142,2.46773535,14.966286,11-10-2017 13:27:16,Walk,2106.57366004,2098.60138314,15.9445538047
1.4099121,2.1291504,14.370468,11-10-2017 13:27:17,Walk,2120.4947803,2113.19698124,14.5955981068
1.4996414,2.0172882,14.9794465,11-10-2017 13:27:18,Walk,2135.98030706,2128.38586512,15.1888838779
2.297638,6.0617523,13.269775,11-10-2017 13:27:19,Walk,2150.53873282,2143.15444359,14.768578465
16.846008,-6.7302704,6.868973,11-10-2017 13:46:28,Walk,9.69880553558,0,19.3976110712
12.2655485,-5.45190435,3.4244995,11-10-2017 13:46:29,Walk,20.7788789451,13.8525859634,13.8525859634
12.812897,-6.2158203,0.32341003,11-10-2017 13:46:30,Walk,35.2196289867,28.0972813122,14.2446953489
13.370438,-6.5747375,1.9086456,11-10-2017 13:46:31,Walk,50.6291943568,43.1185566753,15.021275363
12.255371,-6.6154175,3.837265,11-10-2017 13:46:32,Walk,64.7873258347,57.5644027816,14.4458461063
12.464752,-6.280426,1.178833,11-10-2017 13:46:33,Walk,78.5752985481,71.5716666259,14.0072638443
12.0932615,-7.195076,2.46019745,11-10-2017 13:46:34,Walk,92.9995571813,85.8569269962,14.2852603703
12.414505,-7.740036,1.2853241,11-10-2017 13:46:35,Walk,107.886006343,100.542979894,14.6860528978
13.500839,-5.861679,3.5142365,11-10-2017 13:46:36,Walk,123.241196417,115.675124242,15.1321443484
14.262955,-4.2536926,0.8713684,11-10-2017 13:46:37,Walk,138.038965709,130.584351887,14.9092276445
14.600937,-7.2800217,4.05441285,11-10-2017 13:46:39,Walk,155.801504121,147.395786709,16.8114348224
13.766449,-6.0435333,2.4877167,11-10-2017 13:46:40,Walk,170.254337214,162.634820379,15.2390336701
13.42308,-6.510132,1.7913971,11-10-2017 13:46:41,Walk,185.173287443,177.660465088,15.0256447088
13.815491,-5.697769,1.8308868,11-10-2017 13:46:42,Walk,200.244533514,192.716510705,15.0560456171
15.9654465,-3.6752319,1.8434448,11-10-2017 13:46:43,Walk,217.446097751,209.202902069,16.4863913636
13.512802,-7.726883,2.9555054,11-10-2017 13:46:44,Walk,232.969054253,225.047003525,15.8441014563
10.248993,-9.5047455,2.2149353,11-10-2017 13:46:45,Walk,246.275474067,239.19931722,14.1523136948
12.766251,-7.9960785,2.2268982,11-10-2017 13:46:46,Walk,262.040407409,254.426710679,15.2273934594
14.870735,-7.20883945,3.5016708,11-10-2017 13:46:47,Walk,279.765960947,271.319544191,16.8928335115
13.4374315,-6.74223335,2.618721,11-10-2017 13:46:48,Walk,294.210152417,286.579949675,15.2604054841
14.009323,-5.1115265,1.8308868,11-10-2017 13:46:49,Walk,309.11696825,301.604628725,15.0246790499
15.406723,-4.932068,1.4767456,11-10-2017 13:46:50,Walk,325.970889585,317.848802632,16.244173907
13.821472,-6.4670563,1.3738556,11-10-2017 13:46:51,Walk,340.830808973,333.170140192,15.3213375605
13.137131,-8.283218,1.2302856,11-10-2017 13:46:52,Walk,356.538845901,348.749277332,15.5791371393
11.1217725,-8.319107,2.3070526,11-10-2017 13:46:54,Walk,369.868076473,362.828476759,14.0791994275
14.2378235,-10.994278,6.1271973,11-10-2017 13:46:55,Walk,391.333699182,381.831958375,19.0034816155
12.909821,-7.907547,0.42390442,11-10-2017 13:46:56,Walk,404.54953007,396.977006171,15.1450477968
13.467346,-5.598465,0.45262145,11-10-2017 13:46:57,Walk,418.864524095,411.568684787,14.5916786155
13.207123,-6.8822098,2.2514191,11-10-2017 13:46:58,Walk,434.161582889,426.630616855,15.0619320684
14.0290605,-4.953003,0.92520143,11-10-2017 13:46:59,Walk,448.990318185,441.537084409,14.9064675533
13.536728,-7.82917035,3.01473235,11-10-2017 13:47:00,Walk,465.425615758,457.462771975,15.9256875662
12.889481,-6.049515,1.5389557,11-10-2017 13:47:01,Walk,478.944936853,471.784215227,14.3214432524
14.61351,-3.9354553,0.55192566,11-10-2017 13:47:02,Walk,494.500530641,486.928425503,15.1442102756
13.686279,-6.785309,1.7423553,11-10-2017 13:47:03,Walk,509.990917117,502.303419912,15.3749944092
13.47212975,-6.11412035,0.8342743,11-10-2017 13:47:04,Walk,524.530604008,517.121542643,14.8181227307
13.0647505,-5.72708125,1.43128205,11-10-2017 13:47:05,Walk,538.626318869,531.458060127,14.3365174843
14.789383,-6.001663,0.8079529,11-10-2017 13:47:06,Walk,555.429852747,547.439255207,15.9811950797
14.408913,-3.5609818,-0.107902527,11-10-2017 13:47:07,Walk,569.70347018,562.282065189,14.8428099825
14.175613,-3.6722412,-0.9065094,11-10-2017 13:47:08,Walk,584.289427979,576.953640382,14.6715751932
13.511612,-5.6379547,3.2235107,11-10-2017 13:47:09,Walk,599.440697323,591.945011676,14.9913712939
14.70861825,-4.35359955,2.2962875,11-10-2017 13:47:10,Walk,615.210500847,607.45533779,15.5103261135
13.12157425,-5.2509079,0.042846675,11-10-2017 13:47:12,Walk,628.655256561,621.588616971,14.1332791811
12.6196825,-5.76297,2.18083955,11-10-2017 13:47:13,Walk,642.654100806,635.632272861,14.0436558903
11.907822,-5.30116265,7.0113449,11-10-2017 13:47:14,Walk,657.833160049,650.43286432,14.8005914589
12.482094,-4.4696579,5.0492325,11-10-2017 13:47:15,Walk,671.713591228,664.620015592,14.1871512717
12.444412,-5.46028135,4.5299835,11-10-2017 13:47:16,Walk,686.107158937,678.944777822,14.3247622304
13.393158,-5.955002,3.877945,11-10-2017 13:47:17,Walk,701.687329829,694.10647916,15.1617013378
14.189377,-4.7591858,2.7012711,11-10-2017 13:47:19,Walk,716.918571415,709.314540663,15.2080615031
14.1116105,-5.128273,3.14095305,11-10-2017 13:47:20,Walk,732.323891416,724.654107832,15.3395671689
13.723373,-3.44133,3.5644836,11-10-2017 13:47:21,Walk,746.539681608,739.244490349,14.5903825173
14.012909,-5.6869965,2.444641,11-10-2017 13:47:22,Walk,762.22338478,754.563753303,15.3192629539
13.6390305,-4.80823515,3.69309235,11-10-2017 13:47:23,Walk,776.952538912,769.489610375,14.9258570723
14.091873,-5.2598877,4.2021637,11-10-2017 13:47:25,Walk,792.915820842,785.10708402,15.6174736442
13.902832,-5.841339,4.208145,11-10-2017 13:47:26,Walk,808.591473353,800.763343575,15.6562595557
12.980408,-4.6389465,3.9234009,11-10-2017 13:47:27,Walk,822.261221493,815.095262187,14.3319186119
13.971024,-3.2570953,3.7068634,11-10-2017 13:47:28,Walk,837.320535858,829.912111301,14.816849114
13.104828,-5.1318665,5.4691772,11-10-2017 13:47:29,Walk,852.560843216,845.011265911,15.0991546097
12.8320465,-4.357788,4.707062,11-10-2017 13:47:30,Walk,866.530289453,859.357281605,14.3460156944
13.984192,-2.5171051,5.29868325,11-10-2017 13:47:31,Walk,882.104398969,874.522026515,15.1647449092
12.369034,-5.664261,4.0968933,11-10-2017 13:47:32,Walk,895.833716413,888.72981978,14.2077932657
12.607124,-5.380722,4.39539335,11-10-2017 13:47:33,Walk,910.322069822,903.124653141,14.3948333611
12.2470015,-4.17294315,5.7491302,11-10-2017 13:47:34,Walk,924.361972799,917.282866246,14.1582131051
13.558273,-1.3500061,4.235672,11-10-2017 13:47:35,Walk,938.685621937,931.55137004,14.2685037935
13.193359,-4.6844025,4.966675,11-10-2017 13:47:36,Walk,953.834131771,946.406544527,14.855174487
12.513794,-6.1057434,4.617325,11-10-2017 13:47:37,Walk,968.410825338,961.076065068,14.6695205408
12.686081,-6.457489,5.2071533,11-10-2017 13:47:38,Walk,983.81233756,976.233580062,15.1575149947
12.317596,-6.0722504,6.471756,11-10-2017 13:47:39,Walk,999.005883398,991.415115619,15.1815355568
13.701843,-4.448715,3.5608978,11-10-2017 13:47:40,Walk,1013.67440603,1006.25464256,14.8395269429
13.716194,-4.00424955,8.35790265,11-10-2017 13:47:41,Walk,1031.08508135,1022.80826842,16.5536258569
12.821274,-4.021591,4.698082,11-10-2017 13:47:42,Walk,1044.16050554,1037.04309317,14.2348247489
14.04998775,-3.9456252,5.03965765,11-10-2017 13:47:43,Walk,1060.2018624,1052.48227265,15.4391794867
13.394363,-4.440338,6.2025757,11-10-2017 13:47:44,Walk,1075.60357,1067.89647088,15.414198229
14.502243,-3.4401398,3.6422424,11-10-2017 13:47:45,Walk,1090.91135679,1083.23972815,15.3432572674
14.1355365,-2.7097321,3.8324814,11-10-2017 13:47:46,Walk,1105.58136856,1098.13415509,14.8944269402
13.7849885,-3.458084,4.94215395,11-10-2017 13:47:47,Walk,1120.70450205,1113.18105306,15.0468979714
13.627655,-2.6421356,3.6434479,11-10-2017 13:47:48,Walk,1134.70846097,1127.53265834,14.3516052736
11.917992,-6.6925813,5.804161,11-10-2017 13:47:49,Walk,1149.80740393,1142.38248873,14.8498303924
12.313995,-6.461075,5.052826,11-10-2017 13:47:50,Walk,1164.57595129,1157.17813044,14.7956417097
13.6797025,-4.1819153,4.66637415,11-10-2017 13:47:51,Walk,1179.74790843,1172.2246491,15.0465186596
13.4565735,-3.81939685,3.2582016,11-10-2017 13:47:52,Walk,1193.76848443,1186.58720598,14.3625568867
12.2577665,-4.88420875,5.37525185,11-10-2017 13:47:53,Walk,1207.95900402,1200.83507134,14.2478653536
11.300644,-2.3717499,8.475754,11-10-2017 13:47:54,Walk,1222.32060964,1215.15876354,14.3236922011
12.083099,-3.7691498,7.359497,11-10-2017 13:47:55,Walk,1237.12083146,1229.80014215,14.6413786151
13.368042,-1.2554932,6.110443,11-10-2017 13:47:56,Walk,1251.92798047,1244.55203436,14.751892209
13.469727,-0.78170776,5.8496246,11-10-2017 13:47:57,Walk,1266.61084487,1259.25790803,14.7058736713
13.735336,-2.7886963,5.9327773,11-10-2017 13:47:58,Walk,1282.08720477,1274.47743919,15.219531155
13.064148,-3.814621,4.888916,11-10-2017 13:48:00,Walk,1296.16916091,1288.938587,14.4611478104
13.871735,-3.2140198,5.5648804,11-10-2017 13:48:01,Walk,1311.87058234,1304.2265839,15.2879968947
13.66954,-3.281021,4.308655,11-10-2017 13:48:02,Walk,1326.28147777,1318.92984648,14.7032625809
14.4651415,-3.5083313,4.7321855,11-10-2017 13:48:03,Walk,1342.3578243,1334.54849836,15.6186518859
13.468536,-3.2630768,5.731186,11-10-2017 13:48:04,Walk,1357.04327901,1349.5450188,14.9965204348
12.95348375,-4.59227755,3.4609909,11-10-2017 13:48:05,Walk,1370.80379293,1363.71753489,14.1725160916
13.743713,-3.8002625,5.4093475,11-10-2017 13:48:06,Walk,1386.59401922,1378.96852445,15.2509895571
14.929352,-3.7715454,2.8897095,11-10-2017 13:48:07,Walk,1402.46929433,1394.63570437,15.6671799262
13.3333435,-4.73345935,4.53537,11-10-2017 13:48:08,Walk,1416.92235624,1409.49347228,14.8577679126
13.877716,-4.8435364,5.719223,11-10-2017 13:48:09,Walk,1433.15168028,1425.26561095,15.7721386615
15.331345,-2.236557,0.88093567,11-10-2017 13:48:10,Walk,1448.54357998,1440.78425697,15.5186460227
13.474518,-4.09816,2.4984741,11-10-2017 13:48:11,Walk,1462.24002141,1455.08809993,14.3038429643
13.476913,-3.6327667,2.2448425,11-10-2017 13:48:12,Walk,1476.2940629,1469.22540858,14.1373086461
14.6111145,-4.513916,2.9321823,11-10-2017 13:48:13,Walk,1492.58199319,1484.79646499,15.5710564069
14.1702345,-4.9936752,3.0021744,11-10-2017 13:48:14,Walk,1507.77856944,1500.11786795,15.3214029683
13.95607,-2.97055055,3.7912064,11-10-2017 13:48:15,Walk,1522.26354336,1514.88165156,14.7637836066
13.652786,-3.35878,4.4031677,11-10-2017 13:48:16,Walk,1536.98148578,1529.61487437,14.7332228126
14.540527,-3.8804169,4.544342,11-10-2017 13:48:17,Walk,1553.19569521,1545.3354216,15.7205472223
13.0270615,-5.0235902,5.7240065,11-10-2017 13:48:18,Walk,1567.97026952,1560.42532021,15.0898986158
14.22467,-5.6834106,3.5812378,11-10-2017 13:48:19,Walk,1584.02197734,1576.15642497,15.7311047558
12.921783,-4.1412354,3.6458435,11-10-2017 13:48:20,Walk,1597.23206453,1590.20685134,14.0504263766
13.9680405,-3.63874815,3.01712795,11-10-2017 13:48:21,Walk,1612.32611524,1604.95302727,14.7461759306
14.96286,-4.1986694,1.9337769,11-10-2017 13:48:22,Walk,1628.44398019,1620.61366255,15.6606352748
13.938721,-4.136444,3.081131,11-10-2017 13:48:23,Walk,1642.90729013,1635.47608094,14.8624183873
13.514008,-3.3312683,3.828888,11-10-2017 13:48:24,Walk,1657.12945998,1649.91166697,14.4355860299
14.67572,-5.095978,6.906067,11-10-2017 13:48:26,Walk,1675.41341003,1666.91282901,17.0011620398
12.3510895,-4.8578796,4.178238,11-10-2017 13:48:27,Walk,1687.78418922,1680.82706915,13.9142401456
11.9813995,-6.3904875,5.91243745,11-10-2017 13:48:28,Walk,1703.04273159,1695.63751077,14.8104416229
13.589371,-4.999069,1.4276886,11-10-2017 13:48:29,Walk,1717.46238138,1710.18742451,14.5499137379
13.518784,-5.669052,3.4699707,11-10-2017 13:48:30,Walk,1732.7840355,1725.25183184,15.0644073258
12.8972545,-6.8792267,0.9975815,11-10-2017 13:48:31,Walk,1747.22865441,1739.90304689,14.6512150512
13.2842865,-6.9127275,2.9136353,11-10-2017 13:48:32,Walk,1762.78713557,1755.15910601,15.256059123
13.2316515,-6.26665495,2.9746475,11-10-2017 13:48:33,Walk,1777.56872917,1770.09885479,14.939748774
13.822678,-5.6786194,1.1501312,11-10-2017 13:48:34,Walk,1792.58064478,1785.08671478,14.9878599926
13.9064255,-5.9603728,1.99179845,11-10-2017 13:48:35,Walk,1807.97742128,1800.34718578,15.2604710008
13.798752,-6.136856,2.4123383,11-10-2017 13:48:36,Walk,1823.28718038,1815.64051552,15.2933297354
14.480698,-4.4869995,1.2996826,11-10-2017 13:48:37,Walk,1838.46384013,1830.85606526,15.2155497417
13.42308,-5.3005524,0.6954956,11-10-2017 13:48:38,Walk,1852.52878901,1845.30454776,14.4484825003
15.162651,-1.9338532,0.328788755,11-10-2017 13:48:39,Walk,1868.23806515,1860.59355935,15.2890115963
14.7798,-2.8443298,0.43945313,11-10-2017 13:48:40,Walk,1883.17968547,1875.65097677,15.0574174115
13.811905,-4.0790253,0.69189453,11-10-2017 13:48:41,Walk,1897.27834927,1890.0692251,14.4182483391
14.545303,-4.6425323,1.3451385,11-10-2017 13:48:43,Walk,1913.06028363,1905.39659745,15.3273723483
14.475922,-4.5934753,0.50286865,11-10-2017 13:48:44,Walk,1928.18994566,1920.59216292,15.1955654703
14.1301575,-5.269455,0.6757431,11-10-2017 13:48:45,Walk,1943.2359602,1935.68802778,15.0958648546
15.300247,-4.995468,0.25759888,11-10-2017 13:48:46,Walk,1959.83377038,1951.78518951,16.0971617369
13.701843,-6.276825,1.2506256,11-10-2017 13:48:47,Walk,1974.46958879,1966.90812237,15.1229328527
13.893265,-4.341034,0.8031616,11-10-2017 13:48:48,Walk,1988.77483288,1981.48592937,14.577807006
14.822876,-4.591095,1.4300842,11-10-2017 13:48:49,Walk,2004.86096158,1997.06928418,15.5833548066
13.638428,-5.9633636,2.0390625,11-10-2017 13:48:51,Walk,2019.60556491,2012.09347133,15.0241871533
14.782196,-5.4118195,1.9158325,11-10-2017 13:48:52,Walk,2035.88025184,2027.951325,15.857853671
14.064346,-6.124893,1.8201141,11-10-2017 13:48:53,Walk,2051.12294893,2043.39907429,15.4477492861
13.686882,-6.1811218,1.69509125,11-10-2017 13:48:54,Walk,2066.06895,2058.51232477,15.1132504755
13.397949,-6.3815155,2.0264969,11-10-2017 13:48:55,Walk,2080.97907355,2073.49015729,14.9778325257
14.0721205,-5.43395995,2.10605625,11-10-2017 13:48:56,Walk,2096.3368842,2088.72130856,15.2311512708
13.04142,-5.7169035,1.52041625,11-10-2017 13:48:57,Walk,2110.20187874,2103.04168868,14.3203801213
14.518982,-4.98590865,1.574852,11-10-2017 13:48:59,Walk,2126.18938047,2118.47348321,15.4317945231
14.166046,-5.3460236,1.7662811,11-10-2017 13:49:00,Walk,2141.3393376,2133.71738614,15.2439029297
13.647995,-5.1414337,1.5258026,11-10-2017 13:49:01,Walk,2155.71324731,2148.38129358,14.663907446
13.953079,-5.5338593,1.8823242,11-10-2017 13:49:02,Walk,2171.07323274,2163.50925302,15.127959437
14.98439,-5.82040405,0.95331575,11-10-2017 13:49:03,Walk,2187.66427693,2179.61260229,16.1033492757
13.531952,-6.561569,2.3800354,11-10-2017 13:49:04,Walk,2202.45167151,2194.83864844,15.2260461439
14.180405,-4.7011566,3.9413452,11-10-2017 13:49:05,Walk,2218.01444752,2210.28918116,15.4505327199
13.53434,-4.29976665,1.994194,11-10-2017 13:49:06,Walk,2231.79957667,2224.62944483,14.3402636723
12.693863,-5.883209,1.8942871,11-10-2017 13:49:07,Walk,2245.80733228,2238.74803646,14.1185916301
14.27372,-5.2257843,2.047432,11-10-2017 13:49:08,Walk,2261.75433417,2254.08556827,15.3375318087
12.33194,-7.360779,2.9363708,11-10-2017 13:49:09,Walk,2276.07375127,2268.74435693,14.658788665
13.3722305,-7.85131085,1.8637848,11-10-2017 13:49:10,Walk,2292.17190439,2284.36272191,15.6183649717
13.628853,-6.3480225,1.69090275,11-10-2017 13:49:11,Walk,2307.05699201,2299.49223531,15.1295134048
14.59317,-6.641739,2.0881042,11-10-2017 13:49:12,Walk,2323.74559271,2315.66114024,16.1689049333
14.108025,-6.3791275,1.409149165,11-10-2017 13:49:13,Walk,2338.98193593,2331.20833737,15.5471971246
12.818886,-5.8874053,1.8225098,11-10-2017 13:49:15,Walk,2352.54353301,2345.43180113,14.223463763
14.504028,-4.9296721,0.278541565,11-10-2017 13:49:17,Walk,2368.41393945,2360.75322667,15.3214255421
14.322769,-4.2692566,0.7624817,11-10-2017 13:49:18,Walk,2383.20064734,2375.71817379,14.9649471127
14.462753,-5.0911865,0.4980774,11-10-2017 13:49:19,Walk,2398.72934156,2391.0589523,15.3407785139
13.88369,-5.5990677,1.35889435,11-10-2017 13:49:20,Walk,2413.606552,2406.09068543,15.0317331329
14.493866,-5.7851105,1.3128357,11-10-2017 13:49:22,Walk,2429.58200689,2421.7515664,15.6608809681
14.39815525,-5.9932785,2.0827255,11-10-2017 13:49:23,Walk,2445.35281672,2437.48573328,15.7341668763
12.097443,-6.407837,2.3154297,11-10-2017 13:49:29,Walk,2458.31196344,2451.36988672,13.8841534439
13.418289,-4.016815,-1.6805725,11-10-2017 13:49:38,Walk,2472.53050142,2465.47696319,14.1070764639
13.250183,-4.2620697,-0.45484924,11-10-2017 13:50:00,Walk,2486.36628629,2479.40317859,13.9262154045
13.043808,-4.768158,1.1740417,11-10-2017 13:50:06,Walk,2500.30946763,2493.34070462,13.9375260275
13.408112,-5.820999,0.7690735,11-10-2017 13:50:09,Walk,2515.29677859,2507.97808727,14.6373826489
13.314804,-4.2650604,2.057602,11-10-2017 13:50:12,Walk,2529.17582444,2522.10991205,14.1318247854
13.77063,-3.2917786,0.54592896,11-10-2017 13:50:33,Walk,2543.36359913,2536.27903677,14.1691247217
13.670731,-4.3637695,1.2667694,11-10-2017 13:51:00,Walk,2557.8882054,2550.68514919,14.4061124193
12.031036,-8.066055,1.9493256,11-10-2017 13:51:07,Walk,2572.60809646,2565.30044737,14.6152981766
11.035034,-8.224579,2.2879028,11-10-2017 13:51:08,Walk,2586.22801035,2579.25215602,13.9517086527
12.866745,-5.289795,-0.029541016,11-10-2017 13:51:17,Walk,2600.1197348,2593.16387521,13.9117191859
13.162247,-4.558182,0.69369507,11-10-2017 13:51:27,Walk,2614.0835241,2607.1103078,13.9464325935
13.919586,-4.752594,0.19239807,11-10-2017 13:51:33,Walk,2629.17504987,2621.82013585,14.7098280465
15.445602,-9.074631,3.0871124,11-10-2017 13:51:51,Walk,2649.08738868,2639.9983044,18.1781685518
14.055069,-5.2592775,2.5759506,11-10-2017 13:51:52,Walk,2662.83776791,2655.22461341,15.2263090048
12.099243,-6.861862,2.986023,11-10-2017 13:52:19,Walk,2676.56435615,2669.45110857,14.2264951635
12.909805,-5.1360474,1.3164215,11-10-2017 13:52:21,Walk,2690.38538144,2683.40729048,13.9561819134
13.810715,-5.8891907,-0.0642395,11-10-2017 13:52:22,Walk,2705.9284077,2698.42136863,15.0140781477
13.8681335,-7.6479185,1.92658995,11-10-2017 13:52:23,Walk,2722.3522472,2714.37528768,15.9539190481
13.85498,-4.7502136,2.271164,11-10-2017 13:52:24,Walk,2736.60785767,2729.19700101,14.8217133274
15.08548,-6.1105194,2.3596954,11-10-2017 13:52:40,Walk,2753.8663385,2745.643226,16.4462249939
14.589569,-4.375122,0.3766327,11-10-2017 13:52:44,Walk,2768.497392,2760.87933667,15.2361106688
13.149094,-6.1871033,2.02948,11-10-2017 13:53:00,Walk,2782.88887655,2775.55236326,14.6730265909
14.248001,-5.0086365,0.51782227,11-10-2017 13:53:01,Walk,2798.21974626,2790.66395192,15.1115886653
13.017487,-5.7450256,1.8655701,11-10-2017 13:53:06,Walk,2812.18989992,2805.01458392,14.3506319979
13.658157,-4.7585754,-2.199829,11-10-2017 13:53:08,Walk,2826.95915535,2819.64429821,14.6297142865
13.314804,-4.6933746,1.5431366,11-10-2017 13:53:09,Walk,2840.9470995,2833.84616574,14.2018675272
13.064743,-5.816803,0.4250946,11-10-2017 13:53:10,Walk,2855.30735576,2848.15362576,14.3074600197
14.066742,-3.4431305,-1.2319183,11-10-2017 13:53:12,Walk,2869.95508217,2862.68793003,14.5343042776
13.960861,-3.839737,0.8528137,11-10-2017 13:53:14,Walk,2884.44447274,2877.19229184,14.5043618025
9.440811,-9.984512,3.8851166,11-10-2017 13:53:21,Walk,2898.6120357,2891.47212108,14.2798292431
12.680695,-5.1851044,3.3676758,11-10-2017 13:53:30,Walk,2912.63363782,2905.5797989,14.1076778251
13.476898,-3.983307,2.9722595,11-10-2017 13:53:36,Walk,2927.12597355,2919.94391534,14.3641164328
13.795151,-6.593277,1.647232,11-10-2017 13:53:38,Walk,2943.01130462,2935.32217486,15.3782595235
13.459564,-5.429764,2.2047577,11-10-2017 13:53:40,Walk,2957.34221352,2950.00220063,14.6800257725
13.115585,-6.7093353,3.0225067,11-10-2017 13:53:46,Walk,2972.56058971,2965.04112668,15.0389260525
12.3612595,-5.87034605,5.05311575,11-10-2017 13:53:58,Walk,2986.92240351,2979.62864457,14.5875178819
12.342407,-7.72328185,3.5704651,11-10-2017 13:53:59,Walk,3002.11525629,2994.61971905,14.9910744818
12.350494,-7.4421387,0.80674744,11-10-2017 13:54:00,Walk,3016.28269869,3009.06170547,14.4419864252
12.136322,-8.201248,-0.21437073,11-10-2017 13:54:01,Walk,3031.03538642,3023.7108261,14.6491206308
12.99176,-5.6630707,1.4982758,11-10-2017 13:54:07,Walk,3045.0878538,3037.9621779,14.2513517964
12.239227,-8.00325,1.0986786,11-10-2017 13:54:08,Walk,3059.95945072,3052.62702644,14.6648485429
12.311615,-6.7673645,1.45401,11-10-2017 13:54:09,Walk,3073.81301876,3066.75102132,14.1239948762
12.436035,-8.298767,1.2470398,11-10-2017 13:54:10,Walk,3089.25500139,3081.7536747,15.0026533821
11.962845,-7.9063416,2.0270844,11-10-2017 13:54:11,Walk,3103.47670811,3096.23569698,14.4820222743
11.024261,-8.533859,2.600174,11-10-2017 13:54:12,Walk,3117.50831943,3110.41744528,14.1817483005
11.201324,-8.12767,2.3429413,11-10-2017 13:54:13,Walk,3131.47191319,3124.45375722,14.0363119414
11.032639,-8.981918,3.8031616,11-10-2017 13:54:15,Walk,3146.54290677,3139.17985692,14.7260997015
14.0733185,-9.078232,2.8807373,11-10-2017 13:54:37,Walk,3164.66976245,3156.17312727,16.9932703515
11.911407,-7.481018,4.9888153,11-10-2017 13:54:44,Walk,3178.5596172,3171.09745389,14.9243266224
12.275116,-7.555786,-0.65345764,11-10-2017 13:55:00,Walk,3192.74091963,3185.52643105,14.4289771564
14.072723,-5.0642548,0.5782318,11-10-2017 13:55:02,Walk,3207.97750592,3200.4938143,14.9673832492
11.770828,-9.29776,2.4326782,11-10-2017 13:55:03,Walk,3223.28782615,3215.6898222,15.1960078984
13.049789,-7.012024,1.1776428,11-10-2017 13:55:05,Walk,3237.98147335,3230.55092297,14.8611007696
11.94191,-7.75679,0.7487335,11-10-2017 13:55:06,Walk,3251.9403974,3244.81057259,14.2596496242
12.665146,-6.8828125,1.1644745,11-10-2017 13:55:08,Walk,3266.50282517,3259.27207431,14.4615017191
11.246201,-8.077423,3.5656738,11-10-2017 13:55:17,Walk,3280.71923298,3273.57018009,14.2981057802
9.12616,-9.876236,4.6699677,11-10-2017 13:55:19,Walk,3294.92269101,3287.80518737,14.2350072776
11.144501,-8.542221,2.9363556,11-10-2017 13:55:24,Walk,3309.3233462,3302.15062659,14.3454392181
15.211113,-7.4146118,0.6589966,11-10-2017 13:55:26,Walk,3327.55288205,3319.08546356,16.9348369748
13.110214,-9.4311755,0.49568939,11-10-2017 13:55:27,Walk,3343.32197741,3335.24313946,16.1576758975
10.869934,-9.3534015,0.86358642,11-10-2017 13:55:28,Walk,3356.79242191,3349.60932776,14.3661883006
10.213104,-10.61322,0.55191805,11-10-2017 13:55:29,Walk,3371.71856175,3364.34881709,14.7394893269
13.17482,-8.899368,2.2879028,11-10-2017 13:55:32,Walk,3388.44281109,3380.41147976,16.0626626701
6.749481,-8.20784,10.180038,11-10-2017 13:55:46,Walk,3402.48530897,3395.1273659,14.7158861411
8.326355,-8.520706,8.063583,11-10-2017 13:55:47,Walk,3416.70610487,3409.51319188,14.3858259798
12.96933,-4.91799925,3.93656155,11-10-2017 13:55:51,Walk,3431.14060959,3423.93147035,14.4182784724
13.463745,-7.9434357,10.055618,11-10-2017 13:55:54,Walk,3451.81235305,3442.51872549,18.5872551364
11.868942,-6.1428375,9.725998,11-10-2017 17:12:15,Walk,8.26440067166,0,16.5288013433
11.3347395,-6.99407965,7.97146615,11-10-2017 17:12:16,Walk,23.2832540701,15.5221693801,15.5221693801
12.0603635,-3.8217926,7.6490327,11-10-2017 17:12:17,Walk,37.6981446071,30.3061528648,14.7839834847
14.6111145,-1.822586,4.0729523,11-10-2017 17:12:18,Walk,53.22207988,45.5834375416,15.2772846769
13.19694525,-5.29219055,-0.96214293,11-10-2017 17:12:23,Walk,66.960009261,59.8344853546,14.2510478129
13.4565735,-6.57174685,1.19499205,11-10-2017 17:12:24,Walk,82.3692201943,74.8576419144,15.0231565598
13.830452,-4.8961715,0.898880015,11-10-2017 17:12:25,Walk,96.9062073352,89.5566855283,14.6990436139
13.761658,-1.3069458,1.5162201,11-10-2017 17:12:26,Walk,110.416409607,103.463168248,13.9064827194
12.992371,-5.314911,-1.6985321,11-10-2017 17:12:42,Walk,124.672923962,117.603005391,14.1398371431
12.989975,-5.566162,-2.0574493,11-10-2017 17:12:43,Walk,139.024912214,131.884276606,14.2812712156
11.095459,-9.076439,0.4777450585,11-10-2017 17:13:29,Walk,153.398648321,146.227191083,14.3429144766
11.55069,-8.442337,-0.605011,11-10-2017 17:13:47,Walk,167.706936113,160.547021103,14.3198300202
11.387985,-9.404251,-0.28796387,11-10-2017 17:13:48,Walk,182.704872769,175.318922214,14.7719011106
11.5931625,-7.97514345,-0.1216583235,11-10-2017 17:13:49,Walk,196.42681277,189.390849251,14.0719270374
7.7604523,-8.31073,10.787216,11-10-2017 17:14:41,Walk,212.901016938,205.064294376,15.6734451243
9.31221,-4.4869995,10.108856,11-10-2017 17:14:42,Walk,226.751586179,219.522488911,14.4581945355
12.01728825,5.49705515,9.465187,11-10-2017 17:14:43,Walk,243.904876891,235.777414231,16.2549253198
-2.1721497,-2.98909,19.406158,11-10-2017 17:14:46,Walk,265.409604308,255.532207615,19.7547933846
-3.56895435,-8.96606425,2.385422,11-10-2017 17:14:47,Walk,270.443292692,265.472931,9.94072338442
5.877304,2.2440033,23.222717,11-10-2017 17:14:48,Walk,301.562595524,289.532707349,24.0597763494
1.972221415,17.6184925,-0.6821823,11-10-2017 17:16:52,Biking,8.87082730038,0,17.7416546008
-5.427582,13.432846,2.949524,11-10-2017 17:16:53,Biking,22.1776757612,14.7851171741,14.7851171741
-1.08461,1.3538818,14.175461,11-10-2017 17:34:32,Biking,7.14060693049,0,14.281213861
7.508606,1.7528839,14.974655,11-10-2017 17:37:28,Biking,8.42158029112,0,16.8431605822
7.913001775,-3.26366425,11.308258,11-10-2017 17:37:29,Biking,21.2737761328,14.1825174219,14.1825174219
-1.4590912,-15.434158,2.6564026,11-10-2017 17:37:30,Biking,37.7758845812,29.9114288614,15.7289114395
-4.728882,-17.935852,1.7961884,11-10-2017 17:37:38,Biking,57.8647410191,48.5469702999,18.6355414384
-1.65828705,-16.018013,4.2368623,11-10-2017 17:37:40,Biking,73.524454796,65.1986266306,16.6516563308
6.648987,-11.092392,12.213333,11-10-2017 17:37:46,Biking,91.8807424687,82.986703856,17.7880772254
-1.5870972,-13.292587,4.478546,11-10-2017 17:37:47,Biking,104.1611111,97.102975352,14.116271496
-1.655304,-14.542831,3.134964,11-10-2017 17:37:53,Biking,119.556024571,112.071674832,14.9686994795
-3.5211029,-14.4704515,3.4496307,11-10-2017 17:37:54,Biking,135.00216086,127.358665517,15.2869906853
-3.5121307,-14.109741,1.0998688,11-10-2017 17:38:03,Biking,149.231400146,141.940488603,14.5818230862
-2.1111298,-13.517517,3.438858,11-10-2017 17:38:05,Biking,163.100905146,156.047432965,14.1069443616
-0.73765564,-12.602264,5.9597015,11-10-2017 17:38:10,Biking,176.987305945,170.007348285,13.9599153199
-2.1769257,-14.3741455,4.2919006,11-10-2017 17:38:12,Biking,192.744868356,185.165694999,15.1583467146
-3.364975,-13.541443,2.2532196,11-10-2017 17:38:21,Biking,206.366736274,199.299722516,14.1340275166
-2.65131375,-13.99128725,2.1844177,11-10-2017 17:38:27,Biking,220.90999425,213.706570339,14.4068478232
-2.1529999,-13.718506,2.888504,11-10-2017 17:38:28,Biking,234.982063501,227.890232447,14.1836621082
-2.120697,-14.210236,2.3513184,11-10-2017 17:38:38,Biking,249.728339911,242.448970756,14.5587383093
-2.4724426,-14.040344,2.4948883,11-10-2017 17:38:45,Biking,264.158521058,256.92200429,14.4730335341
-2.6417389,-14.6535035,2.3890075,11-10-2017 17:38:47,Biking,279.542248292,272.002166958,15.0801626674
-1.6313629,-14.035553,3.3407593,11-10-2017 17:38:48,Biking,293.781566001,286.52176632,14.5195993618
-2.6590881,-15.026184,3.8097534,11-10-2017 17:38:53,Biking,310.113823165,302.249804217,15.7280378972
-2.024994,-14.479431,3.4448395,11-10-2017 17:38:54,Biking,324.78085489,317.270504665,15.0207004485
-2.0824127,-14.273651,3.5967865,11-10-2017 17:38:55,Biking,339.57013391,332.136924162,14.8664194966
-1.889801,-14.656494,4.038269,11-10-2017 17:39:02,Biking,355.116404282,347.456577575,15.3196534134
-1.30654905,-13.5193025,4.02868655,11-10-2017 17:39:03,Biking,368.707344223,361.62375534,14.167177765
-1.31073,-13.692184,3.3503265,11-10-2017 17:39:04,Biking,382.859146974,375.780683096,14.1569277557
-1.820404,-14.242538,2.0605927,11-10-2017 17:39:09,Biking,397.53894713,390.286192452,14.5055093561
-2.6674576,-13.6592865,2.8286896,11-10-2017 17:39:10,Biking,411.588987476,404.488055801,14.2018633492
-1.4172058,-13.230377,4.996582,11-10-2017 17:39:11,Biking,425.807967948,418.701330566,14.2132747643
-2.190094,-14.197067,1.5138397,11-10-2017 17:39:17,Biking,440.368150844,433.145877418,14.4445468523
-0.64312744,-13.499573,3.2845154,11-10-2017 17:39:18,Biking,454.008290566,447.05415285,13.9082754322
-1.60743715,-13.8644715,3.0290909,11-10-2017 17:39:19,Biking,468.477535768,461.336408129,14.2822552787
-2.34024815,-14.581116,3.4759522,11-10-2017 17:39:20,Biking,484.093338613,476.507695118,15.1712869891
-2.0764313,-13.285416,4.774048,11-10-2017 17:39:21,Biking,497.911248654,490.776730809,14.2690356907
-3.9882965,-14.157593,0.84742737,11-10-2017 17:39:26,Biking,512.876271161,505.50975771,14.7330269013
-3.1998596,-13.460083,2.8131409,11-10-2017 17:39:27,Biking,526.687223788,519.628068429,14.1183107187
-1.94602205,-14.13546,2.56069945,11-10-2017 17:39:28,Biking,541.373175442,534.124806438,14.4967380091
-0.8118286,-13.34642,4.3242035,11-10-2017 17:39:29,Biking,555.204195397,548.177732411,14.052925973
-2.7631683,-14.47583,2.0270996,11-10-2017 17:39:35,Biking,570.491657291,563.053682331,14.8759499203
-2.9067383,-14.445923,2.7389526,11-10-2017 17:39:36,Biking,585.535458962,578.041533418,14.9878510872
-2.7619781,-13.568954,2.6683655,11-10-2017 17:39:37,Biking,599.194469923,592.143491088,14.1019576698
-2.8888016,-13.213623,6.008156,11-10-2017 17:39:44,Biking,614.343640378,606.943590614,14.8000995264
6.908615,1.350296,12.1523285,11-10-2017 17:39:51,Biking,628.009452431,620.987498492,14.0439078777
5.0828857,7.5584717,12.216934,11-10-2017 17:40:02,Biking,643.845633152,636.226254932,15.2387564401
2.5387268,2.6184845,14.94414525,11-10-2017 17:42:26,Biking,7.6913762113,0,15.3827524226
7.056366,2.265548665,15.230087,11-10-2017 17:42:37,Biking,25.4063233131,16.9375488754,16.9375488754
10.6940535,-12.4736405,4.44085695,11-10-2017 17:42:38,Biking,42.4673416787,33.9574107443,17.0198618688
5.66614525,-12.889992,2.6964874,11-10-2017 17:42:39,Biking,55.4617897197,48.2936633945,14.3362526503
9.648392,-7.151413,7.69928,11-10-2017 17:42:41,Biking,69.6923654428,62.5594647601,14.2658013655
0.004722595,-14.72648625,0.660797125,11-10-2017 17:42:42,Biking,84.671422225,77.3007697367,14.7413049767
-1.52249145,-14.5494155,3.37545015,11-10-2017 17:43:19,Biking,99.8206177485,92.3140017446,15.0132320079
-1.1635742,-15.167358,5.1533203,11-10-2017 17:43:34,Biking,116.405671849,108.375115147,16.0611134027
2.44181825,-0.64652252,14.78681925,11-10-2017 17:59:29,Biking,7.50050817057,0,15.0010163411
-0.854301465,2.2793045,14.1335835,11-10-2017 17:59:38,Biking,21.5124916208,14.3416610805,14.3416610805
-4.505142,4.2156982,12.874954,11-10-2017 17:59:39,Biking,35.7571677655,28.6186655372,14.2770044567
-7.889801,1.6290588,12.274353,11-10-2017 17:59:40,Biking,50.6417375621,43.3007135538,14.6820480166
0.27929688,2.089676,13.860794,11-10-2017 17:59:41,Biking,64.3310325337,57.3209262071,14.0202126533
-8.668655,0.5582733,11.036072,11-10-2017 17:59:42,Biking,78.3878980112,71.3655740765,14.0446478694
